Question,Llama 3.2,Qwen 2.5
Explain machine learning in simple words.,"**What is Machine Learning?**

Machine learning is a way for computers to learn from data and make decisions on their own, without being told exactly what to do.

**Think of it like this:**

Imagine you're teaching a child to recognize different pictures. You show them many pictures of cats and dogs, and say ""this is a cat"" or ""this is a dog"". The child looks at the pictures, tries to understand the patterns, and eventually starts to recognize the difference between cats and dogs on their own.

In machine learning, the computer looks at many examples (like pictures of cats and dogs) and tries to understand the patterns too. Then, when it sees a new picture, it uses what it's learned to make a decision (like ""this is a cat"" or ""this is a dog"").

**Key benefits:**

1. **Automation**: Machines can do tasks faster and more accurately than humans.
2. **Improved accuracy**: Machines can learn from large amounts of data and improve their decisions over time.
3. **New possibilities**: Machine learning enables applications like self-driving cars, personalized recommendations, and more!

That's a basic overview of machine learning! Do you have any specific questions or topics you'd like me to explain further?","Machine learning is like teaching a computer to learn on its own, without being explicitly programmed for every task. Imagine you have a robot that can recognize your face in pictures. Initially, you might need to show it many pictures of you to teach it. But with machine learning, the robot uses a process called ""learning from data"" to recognize your face in new pictures without needing to be shown each one. It figures out patterns and makes predictions based on the data it has been trained with."
What is the difference between AI and machine learning?,"AI (Artificial Intelligence) and Machine Learning (ML) are related but not exactly the same thing.

**Artificial Intelligence (AI)**:
AI refers to the broader field of research and development aimed at creating machines that can think and behave like humans. It encompasses various techniques, such as computer vision, natural language processing, and expert systems, to achieve intelligent behavior.

Think of AI like a car: it's a general concept that includes many different types of vehicles, like sedans, SUVs, and trucks.

**Machine Learning (ML)**:
Machine Learning is a subset of AI that focuses specifically on developing algorithms and statistical models that enable machines to learn from data, improve their performance over time, and make predictions or decisions without being explicitly programmed.

Think of ML like a self-driving car: it's a type of vehicle that can learn from experience, adapt to new conditions, and improve its performance over time, without being explicitly programmed for every scenario.

In other words, AI is the overall goal of creating intelligent machines, while Machine Learning is a key technique used to achieve that goal.

To illustrate the difference:

* AI: ""Can a machine play chess?""
* ML: ""Can a machine learn to play chess from a dataset of games?""

I hope this helps clarify the relationship between AI and Machine Learning!","AI is a broad term for making machines think and act like humans. It's about creating systems that can learn, understand, and perform tasks.

Machine learning is a part of AI. It's specifically about using algorithms to teach machines how to learn from data without being explicitly programmed. So, in simple terms, AI is the big umbrella, and machine learning is the tool inside that umbrella for learning from data."
Explain embeddings with a simple example.,"**What are Embeddings?**

Imagine you want to describe a cat. You could use words like ""small"", ""furry"", and ""playful"". But, these words don't really capture the essence of what a cat is. What if you could represent a cat in a way that shows its relationships with other words, like ""dog"" or ""mouse""? That's basically what embeddings are.

**What are Embeddings?**

In simpler terms, embeddings are a way to represent words or objects as vectors (like arrows in space) that capture their relationships with other words or objects. These vectors can be used to find similarities and differences between words or objects.

**Example: Word Embeddings**

Let's say we have a simple vocabulary with 5 words: ""cat"", ""dog"", ""mouse"", ""bird"", and ""fish"". We want to represent these words as vectors in a 3D space.

Imagine our 3D space has three axes: one for ""warmth"", one for ""aggressiveness"", and one for ""predator-prey"". Let's assign some values to each word:

* ""cat"": (-1, 0, 0) - Warmth: -1, Aggressiveness: 0, Predator-Prey: 0 (cats are not typically warm, not aggressive, and don't prey on other cats)
* ""dog"": (0, -1, 0) - Warmth: 0, Aggressiveness: -1, Predator-Prey: 0 (dogs are not typically warm, can be aggressive, but don't prey on other dogs)
* ""mouse"": (0, 0, -1) - Warmth: 0, Aggressiveness: 0, Predator-Prey: -1 (mice are not typically warm, not aggressive, and prey on other mice)
* ""bird"": (1, 0, 0) - Warmth: 1, Aggressiveness: 0, Predator-Prey: 0 (birds are typically warm, not aggressive, and don't prey on other birds)
* ""fish"": (0, 0, 1) - Warmth: 0, Aggressiveness: 0, Predator-Prey: 1 (fish are not typically warm, not aggressive, and prey on other fish)

Now, imagine you want to find the similarity between the words ""cat"" and ""dog"". You can look at their vectors in the 3D space and see that they're close to each other on the ""aggressiveness"" axis (-1). This means that ""cat"" and ""dog"" are similar in terms of aggressiveness.

On the other hand, if you compare the vectors of ""cat"" and ""bird"", you'll see that they're very different on the ""warmth"" axis (1 vs -1). This means that ""cat"" and ""bird"" are quite dissimilar in terms of warmth.

**Conclusion**

Embeddings are a way to represent words or objects as vectors that capture their relationships with other words or objects. In this simple example, we saw how embeddings can be used to find similarities and differences between words. This is a fundamental concept in many areas of natural language processing, including text analysis, language translation, and more.","Sure! Let's think about embeddings in a simple way using a word example.

Imagine you have a dictionary where each word is associated with a unique number. So, ""cat"" might be 1, ""dog"" might be 2, ""apple"" might be 3, and so on. This is like a simple way to represent words.

Now, imagine instead of just numbers, we have a box where each word is not just a number but a picture. The box for ""cat"" might show a small image of a cat, the box for ""dog"" might show a small image of a dog, and so on. These images are more complex and can show different aspects of the words like how cute, big, or fluffy they might be.

In machine learning, especially for understanding natural language, we use something similar. Words are mapped into a space of many dimensions. Each dimension can represent a different characteristic of the word like its meaning, its relationship to other words, etc. Instead of just numbers or simple images, we can use more complex ""pictures"" or ""vectors"" in this high-dimensional space.

This way, ""cat"" and ""dog"" might be very close in this high-dimensional space, while ""cat"" and ""apple"" might be far apart. This helps machines understand that these words are often used together in similar contexts. It's a way of embedding words into a higher-dimensional space where they can be understood and used more effectively."
